,frequency,index,word
0,-7.450079569807499,0,<start>
1,0.0,1,a
2,-0.4672168183385561,2,.
3,-1.5392829257669716,3,with
4,-1.6911777959302179,4,and
5,-1.726494467855118,5,the
6,-1.780198646826979,6,in
7,-1.8665832610257995,7,bathroom
8,-1.952911344514297,8,on
9,-1.9694406464655074,9,of
10,-2.1978061417608687,10,kitchen
11,-2.559730441585745,11,is
12,-2.621765832505197,12,man
13,-2.662587827025453,13,sink
14,-2.758731687578355,14,","
15,-2.758731687578355,15,to
16,-2.896202678206958,16,an
17,-2.9502698994772336,17,white
18,-3.1062741479538145,18,woman
19,-3.1325914562711885,19,toilet
20,-3.2604248277810735,20,two
21,-3.2604248277810735,21,bicycle
22,-3.355735007585398,22,next
23,-3.42472787907235,23,shower
24,-3.42472787907235,24,his
25,-3.4427463845750275,25,at
26,-3.5380565643793522,26,standing
27,-3.5380565643793522,27,sitting
28,-3.5582592716968717,28,small
29,-3.5582592716968717,29,bike
30,-3.643417080037179,30,mirror
31,-3.665889935889237,31,street
32,-3.665889935889237,32,people
33,-3.665889935889237,33,counter
34,-3.7124099515241307,34,has
35,-3.7865179236778523,35,riding
36,-3.839161657163274,36,person
37,-3.8665606313513887,37,car
38,-3.8665606313513887,38,by
39,-3.923719045191337,39,it
40,-3.953572008341019,40,front
41,-4.048882188145344,41,clean
42,-4.048882188145344,42,down
43,-4.048882188145344,43,bench
44,-4.082783739821025,44,group
45,-4.082783739821025,45,large
46,-4.117875059632294,46,table
47,-4.1542427038031695,47,young
48,-4.1542427038031695,48,dog
49,-4.191983031786017,49,her
50,-4.231203744939298,50,cat
51,-4.231203744939298,51,window
52,-4.231203744939298,52,parked
53,-4.231203744939298,53,holding
54,-4.272025739459553,54,are
55,-4.272025739459553,55,floor
56,-4.272025739459553,56,that
57,-4.272025739459553,57,open
58,-4.314585353878349,58,black
59,-4.314585353878349,59,top
60,-4.359037116449183,60,empty
61,-4.359037116449183,61,red
62,-4.359037116449183,62,while
63,-4.359037116449183,63,up
64,-4.405557132084076,64,very
65,-4.405557132084076,65,tub
66,-4.505640590641058,66,appliances
67,-4.505640590641058,67,blue
68,-4.505640590641058,68,walking
69,-4.505640590641058,69,for
70,-4.505640590641058,70,food
71,-4.505640590641058,71,area
72,-4.559707811911334,72,bathtub
73,-4.559707811911334,73,side
74,-4.559707811911334,74,out
75,-4.559707811911334,75,sits
76,-4.559707811911334,76,picture
77,-4.6168662257512825,77,view
78,-4.6168662257512825,78,sign
79,-4.6168662257512825,79,road
80,-4.6168662257512825,80,sinks
81,-4.677490847567717,81,wall
82,-4.677490847567717,82,their
83,-4.677490847567717,83,bicycles
84,-4.677490847567717,84,bus
85,-4.677490847567717,85,around
86,-4.677490847567717,86,boy
87,-4.677490847567717,87,building
88,-4.742029368705289,88,one
89,-4.742029368705289,89,tiled
90,-4.742029368705289,90,phone
91,-4.742029368705289,91,as
92,-4.742029368705289,92,old
93,-4.742029368705289,93,'s
94,-4.742029368705289,94,over
95,-4.742029368705289,95,into
96,-4.742029368705289,96,stove
97,-4.742029368705289,97,door
98,-4.742029368705289,98,against
99,-4.81102224019224,99,room
100,-4.81102224019224,100,women
101,-4.81102224019224,101,preparing
102,-4.81102224019224,102,house
103,-4.81102224019224,103,cabinet
104,-4.81102224019224,104,girl
105,-4.81102224019224,105,three
106,-4.81102224019224,106,other
107,-4.81102224019224,107,refrigerator
108,-4.8851302123459615,108,stop
109,-4.8851302123459615,109,some
110,-4.8851302123459615,110,looking
111,-4.8851302123459615,111,toilette
112,-4.965172920019498,112,vanity
113,-4.965172920019498,113,near
114,-4.965172920019498,114,dressed
115,-4.965172920019498,115,many
116,-4.965172920019498,116,wooden
117,-4.965172920019498,117,cars
118,-4.965172920019498,118,couple
119,-4.965172920019498,119,under
120,-5.052184297009128,120,photo
121,-5.052184297009128,121,from
122,-5.052184297009128,122,beach
123,-5.052184297009128,123,umbrella
124,-5.052184297009128,124,city
125,-5.052184297009128,125,towels
126,-5.052184297009128,126,bed
127,-5.052184297009128,127,wood
128,-5.052184297009128,128,double
129,-5.052184297009128,129,orange
130,-5.052184297009128,130,skateboard
131,-5.052184297009128,131,park
132,-5.147494476813453,132,decorated
133,-5.147494476813453,133,all
134,-5.147494476813453,134,walls
135,-5.147494476813453,135,above
136,-5.147494476813453,136,brown
137,-5.147494476813453,137,night
138,-5.147494476813453,138,parking
139,-5.147494476813453,139,modern
140,-5.147494476813453,140,restroom
141,-5.147494476813453,141,there
142,-5.147494476813453,142,mountain
143,-5.147494476813453,143,rides
144,-5.147494476813453,144,water
145,-5.147494476813453,145,talking
146,-5.147494476813453,146,board
147,-5.147494476813453,147,through
148,-5.147494476813453,148,being
149,-5.147494476813453,149,family
150,-5.147494476813453,150,snow
151,-5.147494476813453,151,yellow
152,-5.147494476813453,152,leaning
153,-5.147494476813453,153,curtain
154,-5.2528549924712795,154,tile
155,-5.2528549924712795,155,carrying
156,-5.2528549924712795,156,surf
157,-5.2528549924712795,157,cabinets
158,-5.2528549924712795,158,green
159,-5.2528549924712795,159,silver
160,-5.2528549924712795,160,glass
161,-5.2528549924712795,161,laying
162,-5.2528549924712795,162,arm
163,-5.2528549924712795,163,bikes
164,-5.2528549924712795,164,back
165,-5.2528549924712795,165,restaurant
166,-5.2528549924712795,166,filled
167,-5.2528549924712795,167,ocean
168,-5.2528549924712795,168,pink
169,-5.3706380281276624,169,several
170,-5.3706380281276624,170,light
171,-5.3706380281276624,171,lighting
172,-5.3706380281276624,172,game
173,-5.3706380281276624,173,working
174,-5.3706380281276624,174,lot
175,-5.3706380281276624,175,hotel
176,-5.3706380281276624,176,covered
177,-5.3706380281276624,177,scene
178,-5.3706380281276624,178,cell
179,-5.3706380281276624,179,doors
180,-5.3706380281276624,180,sleeping
181,-5.3706380281276624,181,playing
182,-5.3706380281276624,182,surfboard
183,-5.3706380281276624,183,wearing
184,-5.3706380281276624,184,ski
185,-5.3706380281276624,185,corner
186,-5.3706380281276624,186,bowl
187,-5.3706380281276624,187,showing
188,-5.3706380281276624,188,hanging
189,-5.3706380281276624,189,hat
190,-5.504169420752185,190,across
191,-5.504169420752185,191,inside
192,-5.504169420752185,192,sit
193,-5.504169420752185,193,walk
194,-5.504169420752185,194,lit
195,-5.504169420752185,195,this
196,-5.504169420752185,196,oven
197,-5.504169420752185,197,field
198,-5.504169420752185,198,lights
199,-5.504169420752185,199,background
200,-5.504169420752185,200,stainless
201,-5.504169420752185,201,past
202,-5.504169420752185,202,skiers
203,-5.504169420752185,203,dishes
204,-5.504169420752185,204,multiple
205,-5.504169420752185,205,middle
206,-5.504169420752185,206,painted
207,-5.504169420752185,207,trick
208,-5.504169420752185,208,bear
209,-5.504169420752185,209,windows
210,-5.504169420752185,210,outside
211,-5.504169420752185,211,dogs
212,-5.504169420752185,212,behind
213,-5.504169420752185,213,crossing
214,-5.504169420752185,214,cooking
215,-5.504169420752185,215,driving
216,-5.658320100579443,216,each
217,-5.658320100579443,217,child
218,-5.658320100579443,218,fire
219,-5.658320100579443,219,arms
220,-5.658320100579443,220,ground
221,-5.658320100579443,221,face
222,-5.658320100579443,222,sidewalk
223,-5.658320100579443,223,tv
224,-5.658320100579443,224,public
225,-5.658320100579443,225,be
226,-5.658320100579443,226,pots
227,-5.658320100579443,227,colorful
228,-5.658320100579443,228,stand
229,-5.658320100579443,229,boat
230,-5.658320100579443,230,steel
231,-5.658320100579443,231,set
232,-5.658320100579443,232,snowy
233,-5.658320100579443,233,taking
234,-5.658320100579443,234,cats
235,-5.658320100579443,235,frisbee
236,-5.658320100579443,236,hand
237,-5.658320100579443,237,bowls
238,-5.658320100579443,238,waiting
239,-5.658320100579443,239,teddy
240,-5.658320100579443,240,off
241,-5.658320100579443,241,older
242,-5.658320100579443,242,dishwasher
243,-5.658320100579443,243,doing
244,-5.658320100579443,244,laptop
245,-5.658320100579443,245,intersection
246,-5.658320100579443,246,skateboarder
247,-5.658320100579443,247,teeth
248,-5.658320100579443,248,toothbrushes
249,-5.658320100579443,249,posing
250,-5.840641657373398,250,well
251,-5.840641657373398,251,contains
252,-5.840641657373398,252,balls
253,-5.840641657373398,253,surfer
254,-5.840641657373398,254,walks
255,-5.840641657373398,255,home
256,-5.840641657373398,256,grass
257,-5.840641657373398,257,countertop
258,-5.840641657373398,258,hydrant
259,-5.840641657373398,259,lady
260,-5.840641657373398,260,granite
261,-5.840641657373398,261,nice
262,-5.840641657373398,262,been
263,-5.840641657373398,263,full
264,-5.840641657373398,264,raft
265,-5.840641657373398,265,seat
266,-5.840641657373398,266,onto
267,-5.840641657373398,267,about
268,-5.840641657373398,268,fancy
269,-5.840641657373398,269,baby
270,-5.840641657373398,270,croquet
271,-5.840641657373398,271,van
272,-5.840641657373398,272,beside
273,-5.840641657373398,273,island
274,-5.840641657373398,274,dirty
275,-5.840641657373398,275,wave
276,-5.840641657373398,276,microwave
277,-5.840641657373398,277,together
278,-5.840641657373398,278,shown
279,-5.840641657373398,279,cake
280,-5.840641657373398,280,stands
281,-5.840641657373398,281,four
282,-5.840641657373398,282,having
283,-5.840641657373398,283,surrounded
284,-5.840641657373398,284,something
285,-5.840641657373398,285,lots
286,-5.840641657373398,286,holds
287,-5.840641657373398,287,items
288,-5.840641657373398,288,bedroom
289,-5.840641657373398,289,big
290,-5.840641657373398,290,crosswalk
291,-5.840641657373398,291,ramp
292,-5.840641657373398,292,asian
293,-5.840641657373398,293,banana
294,-5.840641657373398,294,brushing
295,-5.840641657373398,295,motorcycle
296,-5.840641657373398,296,meter
297,-5.840641657373398,297,drawer
298,-5.840641657373398,298,lift
299,-5.840641657373398,299,head
300,-6.063785208687608,300,tiles
301,-6.063785208687608,301,dining
302,-6.063785208687608,302,towel
303,-6.063785208687608,303,boards
304,-6.063785208687608,304,few
305,-6.063785208687608,305,rain
306,-6.063785208687608,306,overhead
307,-6.063785208687608,307,horse
308,-6.063785208687608,308,basketball
309,-6.063785208687608,309,including
310,-6.063785208687608,310,purple
311,-6.063785208687608,311,colored
312,-6.063785208687608,312,pans
313,-6.063785208687608,313,atop
314,-6.063785208687608,314,garage
315,-6.063785208687608,315,roof
316,-6.063785208687608,316,accessories
317,-6.063785208687608,317,computer
318,-6.063785208687608,318,new
319,-6.063785208687608,319,featuring
320,-6.063785208687608,320,buffet
321,-6.063785208687608,321,different
322,-6.063785208687608,322,bath
323,-6.063785208687608,323,takes
324,-6.063785208687608,324,selfie
325,-6.063785208687608,325,guy
326,-6.063785208687608,326,antique
327,-6.063785208687608,327,like
328,-6.063785208687608,328,stone
329,-6.063785208687608,329,day
330,-6.063785208687608,330,skate
331,-6.063785208687608,331,keyboard
332,-6.063785208687608,332,placed
333,-6.063785208687608,333,chairs
334,-6.063785208687608,334,cupboards
335,-6.063785208687608,335,attached
336,-6.063785208687608,336,personal
337,-6.063785208687608,337,he
338,-6.063785208687608,338,air
339,-6.063785208687608,339,them
340,-6.063785208687608,340,leash
341,-6.063785208687608,341,fridge
342,-6.063785208687608,342,leans
343,-6.063785208687608,343,tree
344,-6.063785208687608,344,were
345,-6.063785208687608,345,meal
346,-6.063785208687608,346,cyclists
347,-6.063785208687608,347,underneath
348,-6.063785208687608,348,living
349,-6.063785208687608,349,ride
350,-6.063785208687608,350,store
351,-6.063785208687608,351,coffee
352,-6.063785208687608,352,fountain
353,-6.063785208687608,353,mirrors
354,-6.063785208687608,354,curtains
355,-6.063785208687608,355,little
356,-6.063785208687608,356,going
357,-6.063785208687608,357,way
358,-6.063785208687608,358,signs
359,-6.063785208687608,359,various
360,-6.063785208687608,360,dairy
361,-6.063785208687608,361,queen
362,-6.063785208687608,362,urinals
363,-6.3514672811393895,363,its
364,-6.3514672811393895,364,metal
365,-6.3514672811393895,365,sand
366,-6.3514672811393895,366,shop
367,-6.3514672811393895,367,grazing
368,-6.3514672811393895,368,pedestal
369,-6.3514672811393895,369,toaster
370,-6.3514672811393895,370,along
371,-6.3514672811393895,371,wide
372,-6.3514672811393895,372,round
373,-6.3514672811393895,373,countertops
374,-6.3514672811393895,374,hood
375,-6.3514672811393895,375,lined
376,-6.3514672811393895,376,waves
377,-6.3514672811393895,377,shaving
378,-6.3514672811393895,378,sky
379,-6.3514672811393895,379,cupboard
380,-6.3514672811393895,380,folded
381,-6.3514672811393895,381,image
382,-6.3514672811393895,382,compact
383,-6.3514672811393895,383,mounted
384,-6.3514672811393895,384,pattern
385,-6.3514672811393895,385,skis
386,-6.3514672811393895,386,vegetables
387,-6.3514672811393895,387,eating
388,-6.3514672811393895,388,rider
389,-6.3514672811393895,389,using
390,-6.3514672811393895,390,silverware
391,-6.3514672811393895,391,glasses
392,-6.3514672811393895,392,wine
393,-6.3514672811393895,393,bottom
394,-6.3514672811393895,394,half
395,-6.3514672811393895,395,fashioned
396,-6.3514672811393895,396,laundry
397,-6.3514672811393895,397,seagull
398,-6.3514672811393895,398,chef
399,-6.3514672811393895,399,body
400,-6.3514672811393895,400,sun
401,-6.3514672811393895,401,hill
402,-6.3514672811393895,402,shelves
403,-6.3514672811393895,403,closet
404,-6.3514672811393895,404,student
405,-6.3514672811393895,405,right
406,-6.3514672811393895,406,sunset
407,-6.3514672811393895,407,tent
408,-6.3514672811393895,408,lane
409,-6.3514672811393895,409,chain
410,-6.3514672811393895,410,owner
411,-6.3514672811393895,411,used
412,-6.3514672811393895,412,prepare
413,-6.3514672811393895,413,shelf
414,-6.3514672811393895,414,watches
415,-6.3514672811393895,415,boys
416,-6.3514672811393895,416,singing
417,-6.3514672811393895,417,clutter
418,-6.3514672811393895,418,reflection
419,-6.3514672811393895,419,loaded
420,-6.3514672811393895,420,end
421,-6.3514672811393895,421,accents
422,-6.3514672811393895,422,dimly
423,-6.3514672811393895,423,legs
424,-6.3514672811393895,424,tops
425,-6.3514672811393895,425,basket
426,-6.3514672811393895,426,close
427,-6.3514672811393895,427,construction
428,-6.3514672811393895,428,wire
429,-6.3514672811393895,429,industrial
430,-6.3514672811393895,430,ovens
431,-6.3514672811393895,431,tables
432,-6.3514672811393895,432,lighted
433,-6.3514672811393895,433,race
434,-6.3514672811393895,434,busy
435,-6.3514672811393895,435,couch
436,-6.3514672811393895,436,looks
437,-6.3514672811393895,437,friends
438,-6.3514672811393895,438,biking
439,-6.3514672811393895,439,downtown
440,-6.3514672811393895,440,shaped
441,-6.3514672811393895,441,flowers
442,-6.3514672811393895,442,serving
443,-6.3514672811393895,443,adults
444,-6.3514672811393895,444,hallway
445,-6.3514672811393895,445,shirt
446,-6.3514672811393895,446,or
447,-6.3514672811393895,447,hands
448,-6.3514672811393895,448,cross
449,-6.3514672811393895,449,armor
450,-6.3514672811393895,450,telephone
451,-6.3514672811393895,451,train
452,-6.3514672811393895,452,made
453,-6.3514672811393895,453,toothbrush
454,-6.3514672811393895,454,turn
455,-6.3514672811393895,455,long
456,-6.3514672811393895,456,costume
457,-6.3514672811393895,457,locked
458,-6.3514672811393895,458,drink
459,-6.3514672811393895,459,arranged
460,-6.3514672811393895,460,have
461,-6.3514672811393895,461,special
462,-6.3514672811393895,462,shiny
463,-6.3514672811393895,463,stall
464,-6.3514672811393895,464,pictures
465,-6.3514672811393895,465,narrow
466,-6.3514672811393895,466,hula
467,-6.3514672811393895,467,reading
468,-6.3514672811393895,468,turning
469,-6.3514672811393895,469,chefs
470,-6.3514672811393895,470,stark
471,-6.3514672811393895,471,hers
472,-6.756932389247553,472,panoramic
473,-6.756932389247553,473,vandalized
474,-6.756932389247553,474,paint
475,-6.756932389247553,475,needs
476,-6.756932389247553,476,backsplash
477,-6.756932389247553,477,counters
478,-6.756932389247553,478,dim
479,-6.756932389247553,479,transportation
480,-6.756932389247553,480,system
481,-6.756932389247553,481,stuck
482,-6.756932389247553,482,low
483,-6.756932389247553,483,someone
484,-6.756932389247553,484,includes
485,-6.756932389247553,485,surfboards
486,-6.756932389247553,486,indoor
487,-6.756932389247553,487,chains
488,-6.756932389247553,488,nun
489,-6.756932389247553,489,tall
490,-6.756932389247553,490,brightly
491,-6.756932389247553,491,angle
492,-6.756932389247553,492,illuminated
493,-6.756932389247553,493,sunlight
494,-6.756932389247553,494,flying
495,-6.756932389247553,495,pieces
496,-6.756932389247553,496,making
497,-6.756932389247553,497,angry
498,-6.756932389247553,498,photographed
499,-6.756932389247553,499,bridge
500,-6.756932389247553,500,pet
501,-6.756932389247553,501,surfing
502,-6.756932389247553,502,jumping
503,-6.756932389247553,503,children
504,-6.756932389247553,504,appliance
505,-6.756932389247553,505,self
506,-6.756932389247553,506,without
507,-6.756932389247553,507,animal
508,-6.756932389247553,508,plates
509,-6.756932389247553,509,blurry
510,-6.756932389247553,510,backpack
511,-6.756932389247553,511,him
512,-6.756932389247553,512,clock
513,-6.756932389247553,513,catch
514,-6.756932389247553,514,ware
515,-6.756932389247553,515,does
516,-6.756932389247553,516,bunch
517,-6.756932389247553,517,strapped
518,-6.756932389247553,518,riders
519,-6.756932389247553,519,places
520,-6.756932389247553,520,friend
521,-6.756932389247553,521,perches
522,-6.756932389247553,522,stocked
523,-6.756932389247553,523,supplies
524,-6.756932389247553,524,prepared
525,-6.756932389247553,525,get
526,-6.756932389247553,526,clothes
527,-6.756932389247553,527,edge
528,-6.756932389247553,528,sets
529,-6.756932389247553,529,plastic
530,-6.756932389247553,530,men
531,-6.756932389247553,531,others
532,-6.756932389247553,532,bush
533,-6.756932389247553,533,types
534,-6.756932389247553,534,organized
535,-6.756932389247553,535,female
536,-6.756932389247553,536,wrapped
537,-6.756932389247553,537,trees
538,-6.756932389247553,538,who
539,-6.756932389247553,539,sarong
540,-6.756932389247553,540,karaoke
541,-6.756932389247553,541,gathered
542,-6.756932389247553,542,another
543,-6.756932389247553,543,neatly
544,-6.756932389247553,544,stacked
545,-6.756932389247553,545,yard
546,-6.756932389247553,546,copper
547,-6.756932389247553,547,pot
548,-6.756932389247553,548,snow-covered
549,-6.756932389247553,549,guys
550,-6.756932389247553,550,kid
551,-6.756932389247553,551,only
552,-6.756932389247553,552,scissors
553,-6.756932389247553,553,gray
554,-6.756932389247553,554,loving
555,-6.756932389247553,555,biker
556,-6.756932389247553,556,dark
557,-6.756932389247553,557,before
558,-6.756932389247553,558,covers
559,-6.756932389247553,559,cleaning
560,-6.756932389247553,560,products
561,-6.756932389247553,561,lawn
562,-6.756932389247553,562,ready
563,-6.756932389247553,563,cement
564,-6.756932389247553,564,seating
565,-6.756932389247553,565,bread
566,-6.756932389247553,566,mid
567,-6.756932389247553,567,support
568,-6.756932389247553,568,television
569,-6.756932389247553,569,nap
570,-6.756932389247553,570,lays
571,-6.756932389247553,571,dual
572,-6.756932389247553,572,shopping
573,-6.756932389247553,573,center
574,-6.756932389247553,574,falls
575,-6.756932389247553,575,cleaned
576,-6.756932389247553,576,strip
577,-6.756932389247553,577,single
578,-6.756932389247553,578,teenage
579,-6.756932389247553,579,pictured
580,-6.756932389247553,580,plaza
581,-6.756932389247553,581,stores
582,-6.756932389247553,582,skiing
583,-6.756932389247553,583,slope
584,-6.756932389247553,584,gathering
585,-6.756932389247553,585,attractive
586,-6.756932389247553,586,getting
587,-6.756932389247553,587,old-fashioned
588,-6.756932389247553,588,storefront
589,-6.756932389247553,589,oddly
590,-6.756932389247553,590,opening
591,-6.756932389247553,591,nicely
592,-6.756932389247553,592,court
593,-6.756932389247553,593,below
594,-6.756932389247553,594,nearby
595,-6.756932389247553,595,bags
596,-6.756932389247553,596,beautiful
597,-6.756932389247553,597,coat
598,-6.756932389247553,598,traveling
599,-6.756932389247553,599,plate
600,-6.756932389247553,600,frilly
601,-6.756932389247553,601,baskets
602,-6.756932389247553,602,goods
603,-6.756932389247553,603,floors
604,-6.756932389247553,604,alongside
605,-6.756932389247553,605,storage
606,-6.756932389247553,606,airborne
607,-6.756932389247553,607,if
608,-6.756932389247553,608,leading
609,-6.756932389247553,609,where
610,-6.756932389247553,610,surfers
611,-6.756932389247553,611,chair
612,-6.756932389247553,612,cup
613,-6.756932389247553,613,brushes
614,-6.756932389247553,614,town
615,-6.756932389247553,615,shines
616,-6.756932389247553,616,handicap
617,-6.756932389247553,617,staring
618,-6.756932389247553,618,truck
619,-6.756932389247553,619,commercial
620,-6.756932389247553,620,blow
621,-6.756932389247553,621,candle
622,-6.756932389247553,622,birthday
623,-6.756932389247553,623,dressing
624,-6.756932389247553,624,displayed
625,-6.756932389247553,625,performing
626,-6.756932389247553,626,passes
627,-6.756932389247553,627,bright
628,-6.756932389247553,628,tricks
629,-6.756932389247553,629,tan
630,-6.756932389247553,630,alone
631,-6.756932389247553,631,but
632,-6.756932389247553,632,dinner
633,-6.756932389247553,633,resting
634,-6.756932389247553,634,gold
635,-6.756932389247553,635,putting
636,-6.756932389247553,636,away
637,-6.756932389247553,637,after
638,-6.756932389247553,638,talk
639,-6.756932389247553,639,though
640,-6.756932389247553,640,occasion
641,-6.756932389247553,641,container
642,-6.756932389247553,642,color
643,-6.756932389247553,643,fresh
644,-6.756932389247553,644,furniture
645,-6.756932389247553,645,utensils
646,-6.756932389247553,646,rail
647,-6.756932389247553,647,skier
648,-6.756932389247553,648,sculpture
649,-6.756932389247553,649,herself
650,-6.756932389247553,650,hut
651,-6.756932389247553,651,hoop
652,-6.756932389247553,652,lap
653,-6.756932389247553,653,fence
654,-6.756932389247553,654,blender
655,-6.756932389247553,655,blocked
656,-6.756932389247553,656,booth
657,-6.756932389247553,657,ear
658,-6.756932389247553,658,ledge
659,-6.756932389247553,659,decker
660,-6.756932389247553,660,ben
661,-6.756932389247553,661,5
662,-6.756932389247553,662,country
663,-6.756932389247553,663,earth
664,-6.756932389247553,664,pic
665,-6.756932389247553,665,renovated
666,-6.756932389247553,666,soup
667,-6.756932389247553,667,cafe
668,-6.756932389247553,668,remodeled
669,-6.756932389247553,669,residential
670,-6.756932389247553,670,rusty
671,-6.756932389247553,671,cook
672,-6.756932389247553,672,camera
673,-6.756932389247553,673,whole
674,-6.756932389247553,674,vespa
675,-6.756932389247553,675,style
676,-6.756932389247553,676,london
677,-6.756932389247553,677,urinal
678,-6.756932389247553,678,fluffy
679,-6.756932389247553,679,buckets
680,-6.756932389247553,680,mail
681,-6.756932389247553,681,picnic
682,-7.450079569807499,682,butterfly
683,-7.450079569807499,683,themed
684,-7.450079569807499,684,graffiti-ed
685,-7.450079569807499,685,beetle
686,-7.450079569807499,686,border
687,-7.450079569807499,687,butterflies
688,-7.450079569807499,688,angled
689,-7.450079569807499,689,beautifully
690,-7.450079569807499,690,square
691,-7.450079569807499,691,repairs
692,-7.450079569807499,692,grey
693,-7.450079569807499,693,protected
694,-7.450079569807499,694,interesting
695,-7.450079569807499,695,slightly
696,-7.450079569807499,696,opened
697,-7.450079569807499,697,highlighted
698,-7.450079569807499,698,located
699,-7.450079569807499,699,poorly
700,-7.450079569807499,700,pick-up
701,-7.450079569807499,701,shirts
702,-7.450079569807499,702,skins
703,-7.450079569807499,703,apple
704,-7.450079569807499,704,teenagers
705,-7.450079569807499,705,sanded
706,-7.450079569807499,706,good
707,-7.450079569807499,707,closeup
708,-7.450079569807499,708,crossed
709,-7.450079569807499,709,herb
710,-7.450079569807499,710,purse
711,-7.450079569807499,711,work
712,-7.450079569807499,712,skinny
713,-7.450079569807499,713,seagulls
714,-7.450079569807499,714,trucks
715,-7.450079569807499,715,demonstration
716,-7.450079569807499,716,maintained
717,-7.450079569807499,717,mediocre
718,-7.450079569807499,718,motel
719,-7.450079569807499,719,lamp
720,-7.450079569807499,720,posts
721,-7.450079569807499,721,sepia
722,-7.450079569807499,722,styled
723,-7.450079569807499,723,what
724,-7.450079569807499,724,appears
725,-7.450079569807499,725,golden
726,-7.450079569807499,726,gate
727,-7.450079569807499,727,peeking
728,-7.450079569807499,728,rolled
729,-7.450079569807499,729,brass
730,-7.450079569807499,730,kites
731,-7.450079569807499,731,river
732,-7.450079569807499,732,trash
733,-7.450079569807499,733,can
734,-7.450079569807499,734,shorts
735,-7.450079569807499,735,balancing
736,-7.450079569807499,736,paying
737,-7.450079569807499,737,attention
738,-7.450079569807499,738,mill
739,-7.450079569807499,739,crisp
740,-7.450079569807499,740,neutral
741,-7.450079569807499,741,embellished
742,-7.450079569807499,742,treatments
743,-7.450079569807499,743,checkered
744,-7.450079569807499,744,portrait
745,-7.450079569807499,745,washcloths
746,-7.450079569807499,746,laid
747,-7.450079569807499,747,stuffed
748,-7.450079569807499,748,blacksplash
749,-7.450079569807499,749,hours
750,-7.450079569807499,750,zooms
751,-7.450079569807499,751,mercedes
752,-7.450079569807499,752,peak
753,-7.450079569807499,753,thee
754,-7.450079569807499,754,everything
755,-7.450079569807499,755,lies
756,-7.450079569807499,756,smaller
757,-7.450079569807499,757,ball
758,-7.450079569807499,758,washing
759,-7.450079569807499,759,shoulders
760,-7.450079569807499,760,owners
761,-7.450079569807499,761,go
762,-7.450079569807499,762,blends
763,-7.450079569807499,763,hangs
764,-7.450079569807499,764,photos
765,-7.450079569807499,765,extends
766,-7.450079569807499,766,bottle
767,-7.450079569807499,767,vegetable
768,-7.450079569807499,768,age
769,-7.450079569807499,769,equipment
770,-7.450079569807499,770,kite
771,-7.450079569807499,771,shape
772,-7.450079569807499,772,six
773,-7.450079569807499,773,time
774,-7.450079569807499,774,goes
775,-7.450079569807499,775,shot
776,-7.450079569807499,776,parachutes
777,-7.450079569807499,777,fly
778,-7.450079569807499,778,girls
779,-7.450079569807499,779,lunch
780,-7.450079569807499,780,dish
781,-7.450079569807499,781,opens
782,-7.450079569807499,782,random
783,-7.450079569807499,783,tranport
784,-7.450079569807499,784,newly
785,-7.450079569807499,785,poses
786,-7.450079569807499,786,demonstrating
787,-7.450079569807499,787,act
788,-7.450079569807499,788,assorted
789,-7.450079569807499,789,decorations
790,-7.450079569807499,790,tarp
791,-7.450079569807499,791,courtyard
792,-7.450079569807499,792,reaches
793,-7.450079569807499,793,seems
794,-7.450079569807499,794,stairs
795,-7.450079569807499,795,lead
796,-7.450079569807499,796,footed
797,-7.450079569807499,797,bumper
798,-7.450079569807499,798,sticker
799,-7.450079569807499,799,word
800,-7.450079569807499,800,storefronts
801,-7.450079569807499,801,platform
802,-7.450079569807499,802,silhouette
803,-7.450079569807499,803,stationed
804,-7.450079569807499,804,rug
805,-7.450079569807499,805,pile
806,-7.450079569807499,806,rack
807,-7.450079569807499,807,stools
808,-7.450079569807499,808,evergreen
809,-7.450079569807499,809,sprig
810,-7.450079569807499,810,grazes
811,-7.450079569807499,811,beneath
812,-7.450079569807499,812,pristine
813,-7.450079569807499,813,smiles
814,-7.450079569807499,814,enjoying
815,-7.450079569807499,815,company
816,-7.450079569807499,816,crowd
817,-7.450079569807499,817,slopes
818,-7.450079569807499,818,video
819,-7.450079569807499,819,skiiers
820,-7.450079569807499,820,base
821,-7.450079569807499,821,travel
822,-7.450079569807499,822,trusts
823,-7.450079569807499,823,shave
824,-7.450079569807499,824,played
825,-7.450079569807499,825,racks
826,-7.450079569807499,826,folds
827,-7.450079569807499,827,play
828,-7.450079569807499,828,hikers
829,-7.450079569807499,829,climb
830,-7.450079569807499,830,winter
831,-7.450079569807499,831,blocks
832,-7.450079569807499,832,leaving
833,-7.450079569807499,833,spa
834,-7.450079569807499,834,free-standing
835,-7.450079569807499,835,bricks
836,-7.450079569807499,836,lining
837,-7.450079569807499,837,lying
838,-7.450079569807499,838,bedspread
839,-7.450079569807499,839,mattress
840,-7.450079569807499,840,pose
841,-7.450079569807499,841,fruit-adorned
842,-7.450079569807499,842,focus
843,-7.450079569807499,843,shirtless
844,-7.450079569807499,844,drinking
845,-7.450079569807499,845,profile
846,-7.450079569807499,846,individual
847,-7.450079569807499,847,himself
848,-7.450079569807499,848,rainy
849,-7.450079569807499,849,females
850,-7.450079569807499,850,counter-topped
851,-7.450079569807499,851,slice
852,-7.450079569807499,852,jelly
853,-7.450079569807499,853,passenger
854,-7.450079569807499,854,same
855,-7.450079569807499,855,sandy
856,-7.450079569807499,856,sized
857,-7.450079569807499,857,forward
858,-7.450079569807499,858,equipped
859,-7.450079569807499,859,bars
860,-7.450079569807499,860,disabled
861,-7.450079569807499,861,reflected
862,-7.450079569807499,862,chest
863,-7.450079569807499,863,version
864,-7.450079569807499,864,wrap
865,-7.450079569807499,865,shadow
866,-7.450079569807499,866,un
867,-7.450079569807499,867,occupied
868,-7.450079569807499,868,allover
869,-7.450079569807499,869,tiling
870,-7.450079569807499,870,wig
871,-7.450079569807499,871,containing
872,-7.450079569807499,872,step
873,-7.450079569807499,873,cradled
874,-7.450079569807499,874,asleep
875,-7.450079569807499,875,flat
876,-7.450079569807499,876,screen
877,-7.450079569807499,877,box
878,-7.450079569807499,878,tissues
879,-7.450079569807499,879,remote
880,-7.450079569807499,880,control
881,-7.450079569807499,881,nearly
882,-7.450079569807499,882,pets
883,-7.450079569807499,883,college
884,-7.450079569807499,884,campus
885,-7.450079569807499,885,splash
886,-7.450079569807499,886,added
887,-7.450079569807499,887,decluttered
888,-7.450079569807499,888,just
889,-7.450079569807499,889,mirrir
890,-7.450079569807499,890,handrails
891,-7.450079569807499,891,cards
892,-7.450079569807499,892,parade
893,-7.450079569807499,893,win
894,-7.450079569807499,894,separate
895,-7.450079569807499,895,inspecting
896,-7.450079569807499,896,project
897,-7.450079569807499,897,banquet
898,-7.450079569807499,898,held
899,-7.450079569807499,899,variety
900,-7.450079569807499,900,meats
901,-7.450079569807499,901,dips
902,-7.450079569807499,902,pastries
903,-7.450079569807499,903,sedan
904,-7.450079569807499,904,cloudy
905,-7.450079569807499,905,microphones
906,-7.450079569807499,906,ages
907,-7.450079569807499,907,groceries
908,-7.450079569807499,908,athletes
909,-7.450079569807499,909,appear
910,-7.450079569807499,910,disagreement
911,-7.450079569807499,911,space
912,-7.450079569807499,912,spiral
913,-7.450079569807499,913,chihuahua
914,-7.450079569807499,914,lookers
915,-7.450079569807499,915,refridgerator
916,-7.450079569807499,916,enjoy
917,-7.450079569807499,917,grassy
918,-7.450079569807499,918,fenced
919,-7.450079569807499,919,hooked
920,-7.450079569807499,920,checking
921,-7.450079569807499,921,halfway
922,-7.450079569807499,922,during
923,-7.450079569807499,923,sister
924,-7.450079569807499,924,trying
925,-7.450079569807499,925,high
926,-7.450079569807499,926,shopper
927,-7.450079569807499,927,mall
928,-7.450079569807499,928,kids
929,-7.450079569807499,929,moms
930,-7.450079569807499,930,master
931,-7.450079569807499,931,wires
932,-7.450079569807499,932,poles
933,-7.450079569807499,933,hall
934,-7.450079569807499,934,rooms
935,-7.450079569807499,935,metallic
936,-7.450079569807499,936,communal
937,-7.450079569807499,937,technology
938,-7.450079569807499,938,spread
939,-7.450079569807499,939,cocker
940,-7.450079569807499,940,spaniel
941,-7.450079569807499,941,subway
942,-7.450079569807499,942,srfer
943,-7.450079569807499,943,precariously
944,-7.450079569807499,944,hits
945,-7.450079569807499,945,spending
946,-7.450079569807499,946,watching
947,-7.450079569807499,947,flowering
948,-7.450079569807499,948,captured
949,-7.450079569807499,949,altered
950,-7.450079569807499,950,quiet
951,-7.450079569807499,951,jeans
952,-7.450079569807499,952,use
953,-7.450079569807499,953,professional
954,-7.450079569807499,954,sage
955,-7.450079569807499,955,kind
956,-7.450079569807499,956,spice
957,-7.450079569807499,957,spacious
958,-7.450079569807499,958,tallk
959,-7.450079569807499,959,skateboarding
960,-7.450079569807499,960,fushia
961,-7.450079569807499,961,paneled
962,-7.450079569807499,962,reflecting
963,-7.450079569807499,963,opposite
964,-7.450079569807499,964,lcd
965,-7.450079569807499,965,panel
966,-7.450079569807499,966,numeric
967,-7.450079569807499,967,pad
968,-7.450079569807499,968,pretty
969,-7.450079569807499,969,spotless
970,-7.450079569807499,970,bidet
971,-7.450079569807499,971,walls..
972,-7.450079569807499,972,blonde
973,-7.450079569807499,973,multicolored
974,-7.450079569807499,974,kiosk
975,-7.450079569807499,975,asphalt
976,-7.450079569807499,976,porcelain
977,-7.450079569807499,977,hexagonal
978,-7.450079569807499,978,waking
979,-7.450079569807499,979,wireless
980,-7.450079569807499,980,compatible
981,-7.450079569807499,981,role
982,-7.450079569807499,982,games
983,-7.450079569807499,983,helmet
984,-7.450079569807499,984,reflective
985,-7.450079569807499,985,marble
986,-7.450079569807499,986,rust
987,-7.450079569807499,987,filthy
988,-7.450079569807499,988,alley
989,-7.450079569807499,989,hard
990,-7.450079569807499,990,waits
991,-7.450079569807499,991,lounge
992,-7.450079569807499,992,gentleman
993,-7.450079569807499,993,steele
994,-7.450079569807499,994,receiver
995,-7.450079569807499,995,bicyclists
996,-7.450079569807499,996,drying
997,-7.450079569807499,997,modified
998,-7.450079569807499,998,read
999,-7.450079569807499,999,dress
1000,-7.450079569807499,1000,highly
1001,-7.450079569807499,1001,displaying
1002,-7.450079569807499,1002,station
1003,-7.450079569807499,1003,daylit
1004,-7.450079569807499,1004,tires
1005,-7.450079569807499,1005,examines
1006,-7.450079569807499,1006,ferry
1007,-7.450079569807499,1007,vespas
1008,-7.450079569807499,1008,books
1009,-7.450079569807499,1009,doll
1010,-7.450079569807499,1010,bikers
1011,-7.450079569807499,1011,bicyclist
1012,-7.450079569807499,1012,wait
1013,-7.450079569807499,1013,keys
1014,-7.450079569807499,1014,lettering
1015,-7.450079569807499,1015,competing
1016,-7.450079569807499,1016,bar
1017,-7.450079569807499,1017,natural
1018,-7.450079569807499,1018,fronted
1019,-7.450079569807499,1019,combo
1020,-7.450079569807499,1020,peleton
1021,-7.450079569807499,1021,passing
1022,-7.450079569807499,1022,facing
1023,-7.450079569807499,1023,knight
1024,-7.450079569807499,1024,skate-board
1025,-7.450079569807499,1025,stack
1026,-7.450079569807499,1026,beverages
1027,-7.450079569807499,1027,standup
1028,-7.450079569807499,1028,male
1029,-7.450079569807499,1029,dump
1030,-7.450079569807499,1030,pole
1031,-7.450079569807499,1031,power
1032,-7.450079569807499,1032,lines
1033,-7.450079569807499,1033,seats
1034,-7.450079569807499,1034,besides
1035,-7.450079569807499,1035,soccer
1036,-7.450079569807499,1036,fan
1037,-7.450079569807499,1037,japanese
1038,-7.450079569807499,1038,married
1039,-7.450079569807499,1039,piece
1040,-7.450079569807499,1040,shinning
1041,-7.450079569807499,1041,entryway
1042,-7.450079569807499,1042,jacuzzi
1043,-7.450079569807499,1043,sweater
1044,-7.450079569807499,1044,inspired
1045,-7.450079569807499,1045,mirorror
1046,-7.450079569807499,1046,catches
1047,-7.450079569807499,1047,fall
1048,-7.450079569807499,1048,stopped
1049,-7.450079569807499,1049,downed
1050,-7.450079569807499,1050,outfit
1051,-7.450079569807499,1051,cutout
1052,-7.450079569807499,1052,sheer
1053,-7.450079569807499,1053,warrior
1054,-7.450079569807499,1054,skiis
1055,-7.450079569807499,1055,tissue
1056,-7.450079569807499,1056,dispenser
1057,-7.450079569807499,1057,panelling
1058,-7.450079569807499,1058,unused
1059,-7.450079569807499,1059,topsand
1060,-7.450079569807499,1060,cabinettes
1061,-7.450079569807499,1061,2
1062,-7.450079569807499,1062,ceramic
1063,-7.450079569807499,1063,tiny
1064,-7.450079569807499,1064,reaching
1065,-7.450079569807499,1065,display
1066,-7.450079569807499,1066,decoratively
1067,-7.450079569807499,1067,matching
1068,-7.450079569807499,1068,bathing
1069,-7.450079569807499,1069,hot
1070,-7.450079569807499,1070,touches
1071,-7.450079569807499,1071,royal
1072,-7.450079569807499,1072,refrigerators
1073,-7.450079569807499,1073,workstation
1074,-7.450079569807499,1074,indicate
1075,-7.450079569807499,1075,rectangular
1076,-7.450079569807499,1076,curtained
1077,-7.450079569807499,1077,writing
1078,-7.450079569807499,1078,pretending
1079,-7.450079569807499,1079,sports
1080,-7.450079569807499,1080,smiling
1081,-7.450079569807499,1081,stucco
1082,-7.450079569807499,1082,planks
1083,-7.450079569807499,1083,celebrating
1084,-7.450079569807499,1084,pressed
1085,-7.450079569807499,1085,lips
1086,-7.450079569807499,1086,airy
1087,-7.450079569807499,1087,doge
1088,-7.450079569807499,1088,paws
1089,-7.450079569807499,1089,overexposed
1090,-7.450079569807499,1090,apartment
1091,-7.450079569807499,1091,sparse
1092,-7.450079569807499,1092,moving
1093,-7.450079569807499,1093,boxes
1094,-7.450079569807499,1094,orchids
1095,-7.450079569807499,1095,consisting
1096,-7.450079569807499,1096,striped
1097,-7.450079569807499,1097,wall-to-wall
1098,-7.450079569807499,1098,carton
1099,-7.450079569807499,1099,blurred
1100,-7.450079569807499,1100,lone
1101,-7.450079569807499,1101,bundled
1102,-7.450079569807499,1102,cow
1103,-7.450079569807499,1103,suit
1104,-7.450079569807499,1104,towards
1105,-7.450079569807499,1105,mr.
1106,-7.450079569807499,1106,coffeemaker
1107,-7.450079569807499,1107,seen
1108,-7.450079569807499,1108,elegant
1109,-7.450079569807499,1109,approach
1110,-7.450079569807499,1110,cone
1111,-7.450079569807499,1111,barrier
1112,-7.450079569807499,1112,suburban
1113,-7.450079569807499,1113,pantry
1114,-7.450079569807499,1114,visible
1115,-7.450079569807499,1115,formal
1116,-7.450079569807499,1116,affair
1117,-7.450079569807499,1117,locking
1118,-7.450079569807499,1118,glides
1119,-7.450079569807499,1119,urban
1120,-7.450079569807499,1120,following
1121,-7.450079569807499,1121,cyclist
1122,-7.450079569807499,1122,which
1123,-7.450079569807499,1123,identical
1124,-7.450079569807499,1124,mat
1125,-7.450079569807499,1125,tucked
1126,-7.450079569807499,1126,five
1127,-7.450079569807499,1127,costumes
1128,-7.450079569807499,1128,fitted
1129,-7.450079569807499,1129,motif
1130,-7.450079569807499,1130,foreign
1131,-7.450079569807499,1131,numerous
1132,-7.450079569807499,1132,level
1133,-7.450079569807499,1133,kisses
1134,-7.450079569807499,1134,hugs
1135,-7.450079569807499,1135,siamese
1136,-7.450079569807499,1136,swings
1137,-7.450079569807499,1137,cooks
1138,-7.450079569807499,1138,restuarant
1139,-7.450079569807499,1139,chatting
1140,-7.450079569807499,1140,scooters
1141,-7.450079569807499,1141,viewing
1142,-7.450079569807499,1142,gather
1143,-7.450079569807499,1143,unfurnished
1144,-7.450079569807499,1144,tropical
1145,-7.450079569807499,1145,hold
1146,-7.450079569807499,1146,renovation
1147,-7.450079569807499,1147,exposed
1148,-7.450079569807499,1148,capinets
1149,-7.450079569807499,1149,makeup
1150,-7.450079569807499,1150,objects
1151,-7.450079569807499,1151,tape
1152,-7.450079569807499,1152,cold
1153,-7.450079569807499,1153,pay
1154,-7.450079569807499,1154,assortment
1155,-7.450079569807499,1155,daytime
1156,-7.450079569807499,1156,reveals
1157,-7.450079569807499,1157,stares
1158,-7.450079569807499,1158,design
1159,-7.450079569807499,1159,path
1160,-7.450079569807499,1160,lower
1161,-7.450079569807499,1161,reads
1162,-7.450079569807499,1162,``
1163,-7.450079569807499,1163,''
1164,-7.450079569807499,1164,carting
1165,-7.450079569807499,1165,handsome
1166,-7.450079569807499,1166,smirks
1167,-7.450079569807499,1167,boyfriend
1168,-7.450079569807499,1168,girlfriend
1169,-7.450079569807499,1169,closed
1170,-7.450079569807499,1170,toddler
1171,-7.450079569807499,1171,reach
1172,-7.450079569807499,1172,utensil
1173,-7.450079569807499,1173,shining
1174,-7.450079569807499,1174,cut
1175,-7.450079569807499,1175,lime
1176,-7.450079569807499,1176,lotion
1177,-7.450079569807499,1177,adorable
1178,-7.450079569807499,1178,holder
1179,-7.450079569807499,1179,rim
1180,-7.450079569807499,1180,tooth
1181,-7.450079569807499,1181,household
1182,-7.450079569807499,1182,newspaper
1183,-7.450079569807499,1183,falling
1184,-7.450079569807499,1184,serve
1185,-7.450079569807499,1185,maker
1186,-7.450079569807499,1186,wade
1187,-7.450079569807499,1187,sea
1188,-7.450079569807499,1188,umbrellas
1189,-7.450079569807499,1189,pushes
1190,-7.450079569807499,1190,remodled
1191,-7.450079569807499,1191,damaged
1192,-7.450079569807499,1192,areas
1193,-7.450079569807499,1193,bad
1194,-7.450079569807499,1194,toned
1195,-7.450079569807499,1195,hang
1196,-7.450079569807499,1196,rod
1197,-7.450079569807499,1197,testing
1198,-7.450079569807499,1198,wagon
1199,-7.450079569807499,1199,propped
1200,-7.450079569807499,1200,accent
1201,-7.450079569807499,1201,well-appointed
1202,-7.450079569807499,1202,ample
1203,-7.450079569807499,1203,pool
1204,-7.450079569807499,1204,flower
1205,-7.450079569807499,1205,ornament
1206,-7.450079569807499,1206,built
1207,-7.450079569807499,1207,haired
1208,-7.450079569807499,1208,sleeps
1209,-7.450079569807499,1209,fixtures
1210,-7.450079569807499,1210,cutting
1211,-7.450079569807499,1211,fourth
1212,-7.450079569807499,1212,july
1213,-7.450079569807499,1213,recently
1214,-7.450079569807499,1214,done
1215,-7.450079569807499,1215,tones
1216,-7.450079569807499,1216,ladle
1217,-7.450079569807499,1217,skylight
1218,-7.450079569807499,1218,labels
1219,-7.450079569807499,1219,outdoor
1220,-7.450079569807499,1220,primarily
1221,-7.450079569807499,1221,minimalist
1222,-7.450079569807499,1222,paper
1223,-7.450079569807499,1223,strangely
1224,-7.450079569807499,1224,pair
1225,-7.450079569807499,1225,demolished
1226,-7.450079569807499,1226,major
1227,-7.450079569807499,1227,advertising
1228,-7.450079569807499,1228,faucet
1229,-7.450079569807499,1229,topped
1230,-7.450079569807499,1230,t.v
1231,-7.450079569807499,1231,cardboard
1232,-7.450079569807499,1232,sanding
1233,-7.450079569807499,1233,conversation
1234,-7.450079569807499,1234,things
1235,-7.450079569807499,1235,pausing
1236,-7.450079569807499,1236,counter/sink
1237,-7.450079569807499,1237,run
1238,-7.450079569807499,1238,dingy
1239,-7.450079569807499,1239,flooring
1240,-7.450079569807499,1240,drawers
1241,-7.450079569807499,1241,flash
1242,-7.450079569807499,1242,setup
1243,-7.450079569807499,1243,take
1244,-7.450079569807499,1244,panaled
1245,-7.450079569807499,1245,basin
1246,-7.450079569807499,1246,sing
1247,-7.450079569807499,1247,covering
1248,-7.450079569807499,1248,heavily
1249,-7.450079569807499,1249,lacy
1250,-7.450079569807499,1250,cloths
1251,-7.450079569807499,1251,overlooking
1252,-7.450079569807499,1252,darkened
1253,-7.450079569807499,1253,pier
1254,-7.450079569807499,1254,wheeled
1255,-7.450079569807499,1255,smoothie
1256,-7.450079569807499,1256,coming
1257,-7.450079569807499,1257,makes
1258,-7.450079569807499,1258,no
1259,-7.450079569807499,1259,dinosaur
1260,-7.450079569807499,1260,pockets
1261,-7.450079569807499,1261,cluttered
1262,-7.450079569807499,1262,cracked
1263,-7.450079569807499,1263,separated
1264,-7.450079569807499,1264,fake
1265,-7.450079569807499,1265,sides
1266,-7.450079569807499,1266,not
1267,-7.450079569807499,1267,ill
1268,-7.450079569807499,1268,attended
1269,-7.450079569807499,1269,patterned
1270,-7.450079569807499,1270,cushions
1271,-7.450079569807499,1271,adorn
1272,-7.450079569807499,1272,banquette
1273,-7.450079569807499,1273,gas
1274,-7.450079569807499,1274,stations
1275,-7.450079569807499,1275,employees
1276,-7.450079569807499,1276,diner
1277,-7.450079569807499,1277,tasks
1278,-7.450079569807499,1278,mass
1279,-7.450079569807499,1279,transit
1280,-7.450079569807499,1280,vehicle
1281,-7.450079569807499,1281,hooping
1282,-7.450079569807499,1282,comfortably
1283,-7.450079569807499,1283,ingredients
1284,-7.450079569807499,1284,garnishing
1285,-7.450079569807499,1285,sliding
1286,-7.450079569807499,1286,drive
1287,-7.450079569807499,1287,thru
1288,-7.450079569807499,1288,pulling
1289,-7.450079569807499,1289,trailer
1290,-7.450079569807499,1290,brick
1291,-7.450079569807499,1291,strange
1292,-7.450079569807499,1292,ladies
1293,-7.450079569807499,1293,containers
1294,-7.450079569807499,1294,collection
1295,-7.450079569807499,1295,remodel
1296,-7.450079569807499,1296,entrance
1297,-7.450079569807499,1297,set-up
1298,-7.450079569807499,1298,stand-up
1299,-7.450079569807499,1299,leveled
1300,-7.450079569807499,1300,stew
1301,-7.450079569807499,1301,pan
1302,-7.450079569807499,1302,robes
1303,-7.450079569807499,1303,piles
1304,-7.450079569807499,1304,shoes
1305,-7.450079569807499,1305,d
1306,-7.450079569807499,1306,claw
1307,-7.450079569807499,1307,foot
1308,-7.450079569807499,1308,toiletries
1309,-7.450079569807499,1309,state
1310,-7.450079569807499,1310,opaque
1311,-7.450079569807499,1311,pointed
1312,-7.450079569807499,1312,traffic
1313,-7.450079569807499,1313,focused
1314,-7.450079569807499,1314,united
1315,-7.450079569807499,1315,states
1316,-7.450079569807499,1316,postal
1317,-7.450079569807499,1317,service
1318,-7.450079569807499,1318,delivers
1319,-7.450079569807499,1319,regardless
1320,-7.450079569807499,1320,weather
1321,-7.450079569807499,1321,case
1322,-7.450079569807499,1322,deep
1323,-7.450079569807499,1323,unpleasant
1324,-7.450079569807499,1324,commode
1325,-7.450079569807499,1325,broken
1326,-7.450079569807499,1326,wth
1327,-7.450079569807499,1327,kissing
1328,-7.450079569807499,1328,hipster
1329,-7.450079569807499,1329,fine
1330,-7.450079569807499,1330,clothing
1331,-7.450079569807499,1331,bold
1332,-7.450079569807499,1332,fabric
1333,-7.450079569807499,1333,boots
1334,-7.450079569807499,1334,automatic
1335,-7.450079569807499,1335,chained
1336,-7.450079569807499,1336,disorganized
1337,-7.450079569807499,1337,missing
1338,-7.450079569807499,1338,huge
1339,-7.450079569807499,1339,double-decker
1340,-7.450079569807499,1340,standalone
1341,-7.450079569807499,1341,rustic
1342,-7.450079569807499,1342,condiments
1343,-7.450079569807499,1343,cookware
1344,-7.450079569807499,1344,washroom
1345,-7.450079569807499,1345,motor
1346,-7.450079569807499,1346,sticking
1347,-7.450079569807499,1347,bashed
